time,distance,gaze
0.863623,14.21287,0
0.87558,14.21243,0
0.877854,14.21243,0
0.880021,14.21243,0
0.882451,14.21243,0
0.884231,14.21243,0
0.885951,14.21243,0
0.887698,14.21243,0
0.889524,14.21243,0
0.891303,14.21243,0
0.893029,14.21243,0
0.89479,14.21243,0
0.896837,14.21243,0
0.898764,14.21243,0
0.900594,14.21243,0
0.902603,14.21243,0
0.904413,14.21243,0
0.906315,14.21243,0
0.908272,14.21243,0
0.910135,14.21243,0
0.912014,14.21243,0
0.914186,14.21213,0
0.916233,14.21184,0
0.918007,14.21184,0
0.919838,14.21157,0
0.921587,14.2113,0
0.923619,14.21097,0
0.925372,14.21068,0
0.927341,14.21035,0
0.929398,14.20999,0
0.931449,14.20962,0
0.933523,14.20923,0
0.93534,14.20889,0
0.937165,14.20853,0
0.939004,14.20816,0
0.940836,14.20779,0
0.943142,14.20731,0
0.94522,14.20686,0
0.947372,14.20639,0
0.949315,14.20595,0
0.951226,14.20551,0
0.953028,14.20509,0
0.954921,14.20463,0
0.956827,14.20417,0
0.958762,14.20369,0
0.960543,14.20324,0
0.962895,14.20263,0
0.964988,14.20207,0
0.967812,14.20131,0
0.969708,14.20078,0
0.971563,14.20026,0
0.973446,14.19973,0
0.975268,14.1992,0
0.977097,14.19866,0
0.979363,14.19798,0
0.981639,14.19728,0
0.983737,14.19663,0
0.9857,14.19601,0
0.987602,14.19541,0
0.989425,14.19481,0
0.991231,14.19422,0
0.993144,14.19358,0
0.994918,14.19298,0
0.996866,14.19232,0
0.998944,14.1916,0
1.000856,14.19092,0
1.002925,14.19018,0
1.004758,14.18952,0
1.006726,14.1888,0
1.008704,14.18807,0
1.010654,14.18734,0
1.012709,14.18656,0
1.014876,14.18572,0
1.016947,14.18491,0
1.01877,14.18419,0
1.020629,14.18345,0
1.022735,14.1826,0
1.024646,14.18182,0
1.026492,14.18106,0
1.02831,14.18086,0
1.030308,14.18086,0
1.033627,14.18086,0
1.035504,14.18086,0
1.037354,14.18086,0
1.039176,14.18086,0
1.040956,14.18086,0
1.043,14.18086,0
1.044815,14.18086,0
1.047034,14.18086,0
1.049031,14.18086,0
1.05087,14.18086,0
1.052639,14.18086,0
1.054375,14.18086,0
1.056206,14.18086,0
1.058022,14.18086,0
1.059873,14.18086,0
1.061665,14.18086,0
1.063785,14.18086,0
1.065787,14.18086,0
1.067608,14.18086,0
1.069377,14.18086,0
1.072084,14.18086,0
1.074377,14.18086,0
1.076153,14.18086,0
1.077992,14.18086,0
1.07994,14.18086,0
1.081837,14.18086,0
1.08386,14.18086,0
1.085723,14.18086,0
1.087558,14.18086,0
1.08948,14.18086,0
1.091357,14.18086,0
1.093144,14.18086,0
1.094903,14.18086,0
1.096843,14.18086,0
1.098789,14.18086,0
1.100705,14.18086,0
1.102746,14.18086,0
1.104568,14.18086,0
1.106434,14.18086,0
1.108913,14.18086,0
1.110888,14.18086,0
1.112752,14.18086,0
1.114747,14.18086,0
1.116723,14.18086,0
1.118625,14.18086,0
1.120409,14.18086,0
1.122526,14.18086,0
1.124347,14.18086,0
1.126242,14.18086,0
1.128094,14.18086,0
1.130465,14.18086,0
1.132452,14.18086,0
1.134423,14.18086,0
1.136484,14.18086,0
1.138656,14.18086,0
1.14074,14.18086,0
1.143238,14.18086,0
1.145179,14.18086,0
1.147229,14.18086,0
1.149131,14.18086,0
1.151051,14.18086,0
1.152949,14.18086,0
1.15537,14.18086,0
1.157377,14.18086,0
1.159266,14.18086,0
1.16123,14.18086,0
1.16342,14.18086,0
1.165365,14.18086,0
1.167449,14.18086,0
1.169274,14.18086,0
1.171021,14.18086,0
1.172901,14.18086,0
1.174776,14.18086,0
1.176767,14.18086,0
1.178571,14.18086,0
1.180538,14.18086,0
1.182654,14.18086,0
1.184466,14.18086,0
1.186164,14.18086,0
1.18795,14.18086,0
1.189794,14.18086,0
1.191611,14.18086,0
1.193408,14.18086,0
1.19514,14.18086,0
1.197114,14.18086,0
1.19914,14.18086,0
1.200998,14.18086,0
1.202923,14.18086,0
1.204765,14.18086,0
1.206681,14.18086,0
1.208451,14.18086,0
1.210233,14.18086,0
1.212288,14.18086,0
1.214354,14.18086,0
1.216283,14.18086,0
1.218074,14.18086,0
1.219984,14.18086,0
1.221792,14.18086,0
1.223782,14.18086,0
1.225469,14.18086,0
1.227238,14.18086,0
1.229201,14.18086,0
1.231318,14.18086,0
1.233119,14.18086,0
1.234897,14.18086,0
1.236745,14.18086,0
1.238571,14.18086,0
1.240344,14.18086,0
1.2424,14.18086,0
1.244148,14.18086,0
1.246129,14.18086,0
1.24845,14.18086,0
1.250335,14.18086,0
1.25217,14.18086,0
1.254063,14.18086,0
1.255786,14.18086,0
1.257662,14.18086,0
1.259441,14.18086,0
1.261263,14.18086,0
1.263608,14.18086,0
1.265446,14.18086,0
1.267266,14.18086,0
1.269116,14.18086,0
1.270915,14.18086,0
1.272696,14.18086,0
1.274416,14.18086,0
1.276157,14.18086,0
1.27812,14.18086,0
1.28011,14.18086,0
1.282228,14.18086,0
1.284072,14.18086,0
1.285862,14.18086,0
1.287707,14.18086,0
1.289467,14.18086,0
1.291262,14.18086,0
1.293049,14.18086,0
1.294868,14.18086,0
1.296831,14.18086,0
1.298768,14.18086,0
1.300607,14.18086,0
1.302609,14.18086,0
1.304314,14.18086,0
1.306189,14.18086,0
1.307963,14.18086,0
1.309763,14.18086,0
1.311818,14.18086,0
1.313993,14.18086,0
1.315928,14.18086,0
1.317818,14.18086,0
1.319631,14.18086,0
1.321421,14.18086,0
1.323323,14.18086,0
1.325113,14.18086,0
1.327014,14.18086,0
1.328791,14.18086,0
1.330775,14.18086,0
1.332613,14.18086,0
1.334332,14.18086,0
1.336054,14.18086,0
1.337836,14.18086,0
1.339577,14.18086,0
1.341397,14.18086,0
1.343487,14.18086,0
1.345393,14.18086,0
1.347402,14.18086,0
1.349262,14.18086,0
1.351021,14.18086,0
1.352814,14.18086,0
1.354498,14.18086,0
1.356373,14.18086,0
1.358291,14.18086,0
1.360085,14.18086,0
1.362297,14.18086,0
1.364429,14.18086,0
1.366308,14.18086,0
1.3681,14.18086,0
1.369886,14.18086,0
1.371692,14.18086,0
1.373482,14.18086,0
1.375379,14.18086,0
1.377268,14.18086,0
1.37923,14.18086,0
1.381377,14.18086,0
1.383389,14.18086,0
1.385154,14.18086,0
1.38691,14.18086,0
1.388889,14.18086,0
1.390736,14.18086,0
1.392518,14.18086,0
1.394366,14.18086,0
1.396452,14.18086,0
1.398521,14.18086,0
1.400378,14.18086,0
1.402449,14.18086,0
1.404218,14.18086,0
1.406007,14.18086,0
1.407817,14.18086,0
1.409644,14.18086,0
1.411374,14.18086,0
1.413274,14.18086,0
1.415277,14.18086,0
1.417125,14.18086,0
1.418961,14.18086,0
1.420887,14.18086,0
1.422931,14.18086,0
1.424863,14.18086,0
1.426713,14.18086,0
1.428523,14.18086,0
1.430645,14.18086,0
1.432537,14.18086,0
1.434396,14.18086,0
1.436171,14.18086,0
1.438035,14.18086,0
1.439826,14.18086,0
1.441602,14.18086,0
1.443523,14.18086,0
1.445471,14.18086,0
1.447551,14.18086,0
1.449379,14.18086,0
1.451122,14.18086,0
1.452999,14.18086,0
1.4549,14.18086,0
1.456761,14.18086,0
1.458597,14.18086,0
1.46045,14.18086,0
1.462461,14.18086,0
1.464493,14.18086,0
1.466399,14.18086,0
1.46817,14.18086,0
1.470012,14.18086,0
1.471848,14.18086,0
1.473595,14.18086,0
1.47546,14.18086,0
1.477303,14.18086,0
1.479227,14.18086,0
1.481237,14.18086,0
1.483226,14.18086,0
1.485,14.18086,0
1.486972,14.18086,0
1.488803,14.18086,0
1.490577,14.18086,0
1.49237,14.18086,0
1.494291,14.18086,0
1.496199,14.18086,0
1.498154,14.18086,0
1.499898,14.18086,0
1.501775,14.18086,0
1.503818,14.18086,0
1.505572,14.18086,0
1.507383,14.18086,0
1.509141,14.18086,0
1.510927,14.18086,0
1.512998,14.18086,0
1.515034,14.18086,0
1.51696,14.18086,0
1.518926,14.18086,0
1.521,14.18086,0
1.523123,14.18086,0
1.525001,14.18086,0
1.527104,14.18086,0
1.529203,14.18086,0
1.531643,14.18086,0
1.533717,14.18086,0
1.53561,14.18086,0
1.537808,14.18086,0
1.54005,14.18086,0
1.54248,14.18086,0
1.544357,14.18086,0
1.546694,14.18086,0
1.549149,14.18086,0
1.551117,14.18086,0
1.552967,14.18086,0
1.555178,14.18086,0
1.557388,14.18086,0
1.559633,14.18086,0
1.561881,14.18086,0
1.564824,14.18086,0
1.567133,14.18086,0
1.569457,14.18086,0
1.571761,14.18086,0
1.574011,14.18086,0
1.576359,14.18086,0
1.578772,14.18086,0
1.581705,14.18086,0
1.584362,14.18086,0
1.586688,14.18086,0
1.588999,14.18086,0
1.591245,14.18086,0
1.593724,14.18086,0
1.596135,14.18086,0
1.59867,14.18086,0
1.601012,14.18086,0
1.603507,14.18086,0
1.605834,14.18086,0
1.608098,14.18086,0
1.610459,14.18086,0
1.612947,14.18086,0
1.615438,14.18086,0
1.617902,14.18086,0
1.620186,14.18086,0
1.622768,14.18086,0
1.624942,14.18086,0
1.626981,14.18086,0
1.629327,14.18086,0
1.631819,14.18086,0
1.633886,14.18086,0
1.636,14.18086,0
1.638383,14.18086,0
1.64068,14.18086,0
1.643279,14.18086,0
1.64592,14.18086,0
1.648589,14.18086,0
1.650852,14.18086,0
1.652852,14.18086,0
1.655088,14.18086,0
1.657088,14.18086,0
1.659473,14.18086,0
1.661518,14.18086,0
1.66412,14.18086,0
1.666678,14.18086,0
1.669003,14.18086,0
1.671158,14.18086,0
1.673399,14.18086,0
1.675646,14.18086,0
1.678132,14.18086,0
1.680696,14.18086,0
1.683077,14.18086,0
1.685133,14.18086,0
1.687288,14.18086,0
1.689651,14.18086,0
1.69185,14.18086,0
1.694101,14.18086,0
1.696761,14.18086,0
1.699079,14.18086,0
1.701308,14.18086,0
1.703705,14.18086,0
1.705943,14.18086,0
1.708058,14.18086,0
1.710248,14.18086,0
1.712489,14.18086,0
1.715033,14.18086,0
1.717197,14.18086,0
1.719444,14.18086,0
1.721707,14.18086,0
1.724189,14.18086,0
1.726654,14.18086,0
1.728863,14.18086,0
1.731405,14.18086,0
1.733676,14.18086,0
1.735812,14.18086,0
1.737934,14.18086,0
1.740039,14.18086,0
1.742559,14.18086,0
1.744708,14.18086,0
1.746931,14.18086,0
1.749149,14.18086,0
1.751416,14.18086,0
1.753578,14.18086,0
1.755666,14.18086,0
1.757869,14.18086,0
1.760047,14.18086,0
1.762683,14.18086,0
1.764961,14.18086,0
1.767064,14.18086,0
1.769243,14.18086,0
1.771678,14.18086,0
1.773913,14.18086,0
1.776417,14.18086,0
1.77864,14.18086,0
1.78096,14.18086,0
1.783399,14.18086,0
1.785816,14.18086,0
1.788241,14.18086,0
1.790654,14.18086,0
1.792778,14.18086,0
1.794852,14.18086,0
1.797445,14.18086,0
1.799758,14.18086,0
1.801871,14.18086,0
1.804684,14.18086,0
1.806935,14.18086,0
1.809083,14.18086,0
1.811359,14.18086,0
1.813673,14.18086,0
1.815866,14.18086,0
1.817996,14.18086,0
1.820381,14.18086,0
1.822895,14.18086,0
1.82504,14.18086,0
1.827181,14.18086,0
1.829426,14.18086,0
1.832151,14.18086,0
1.834734,14.18086,0
1.837088,14.18086,0
1.83937,14.18086,0
1.841727,14.18086,0
1.844032,14.18086,0
1.846432,14.18086,0
1.848868,14.18086,0
1.851143,14.18086,0
1.85331,14.18086,0
1.855755,14.18086,0
1.857795,14.18086,0
1.859889,14.18086,0
1.861981,14.18086,0
1.864917,14.18086,0
1.867113,14.18086,0
1.869415,14.18086,0
1.87167,14.18086,0
1.873838,14.18086,0
1.876038,14.18086,0
1.878101,14.18086,0
1.880758,14.18086,0
1.883368,14.18086,0
1.885694,14.18086,0
1.887782,14.18086,0
1.889888,14.18086,0
1.892066,14.18086,0
1.894104,14.18086,0
1.896497,14.18086,0
1.898853,14.18086,0
1.901041,14.18086,0
1.903713,14.18086,0
1.905863,14.18086,0
1.907876,14.18086,0
1.910162,14.18086,0
1.912773,14.18086,0
1.915251,14.18086,0
1.917602,14.18086,0
1.919838,14.18086,0
1.922086,14.18086,0
1.924655,14.18086,0
1.926844,14.18086,0
1.929104,14.18086,0
1.931776,14.18086,0
1.933976,14.18086,0
1.935896,14.18086,0
1.937927,14.18086,0
1.93979,14.18086,0
1.941591,14.18086,0
1.943972,14.18086,0
1.946584,14.18086,0
1.948914,14.18086,0
1.951013,14.18086,0
1.952932,14.18086,0
1.955075,14.18086,0
1.957239,14.18086,0
1.959176,14.18086,0
1.960996,14.18086,0
1.963783,14.18086,0
1.966147,14.18086,0
1.968123,14.18086,0
1.970105,14.18086,0
1.971984,14.18086,0
1.97386,14.18086,0
1.975749,14.18086,0
1.977676,14.18086,0
1.979975,14.18086,0
1.982032,14.18086,0
1.9843,14.18086,0
1.98614,14.18086,0
1.988023,14.18086,0
1.99,14.18086,0
1.99199,14.18086,0
1.994091,14.18086,0
1.996153,14.18086,0
1.998279,14.18086,0
2.00018,14.18086,0
2.002454,14.18086,0
2.004565,14.18086,0
2.006881,14.18086,0
2.008845,14.18086,0
2.010947,14.18086,0
2.01307,14.18086,0
2.015293,14.18086,0
2.017671,14.18086,0
2.019879,14.18086,0
2.02189,14.18086,0
2.02414,14.18086,0
2.026121,14.18086,0
2.028132,14.18086,0
2.030797,14.18086,0
2.033077,14.18086,0
2.035523,14.18086,0
2.037558,14.18086,0
2.039601,14.18086,0
2.041596,14.18086,0
2.043919,14.18086,0
2.045975,14.18086,0
2.048161,14.18086,0
2.05029,14.18086,0
2.052681,14.18086,0
2.054661,14.18086,0
2.056605,14.18086,0
2.058817,14.18086,0
2.061143,14.18086,0
2.063768,14.18086,0
2.06617,14.18086,0
2.068666,14.18086,0
2.070926,14.18086,0
2.073133,14.18086,0
2.075683,14.18086,0
2.078116,14.18086,0
2.080607,14.18086,0
2.083247,14.18086,0
2.085718,14.18086,0
2.088017,14.18086,0
2.090262,14.18086,0
2.092711,14.18086,0
2.094852,14.18086,0
2.097674,14.18086,0
2.100038,14.18086,0
2.102889,14.18086,0
2.105634,14.18086,0
2.107914,14.18086,0
2.110212,14.18086,0
2.112776,14.18086,0
2.115364,14.18086,0
2.117733,14.18086,0
2.119838,14.18086,0
2.121966,14.18086,0
2.124816,14.18086,0
2.126944,14.18086,0
2.129121,14.18086,0
2.13167,14.18086,0
2.133744,14.18086,0
2.135916,14.18086,0
2.13817,14.18086,0
2.140828,14.18086,0
2.143142,14.18086,0
2.146071,14.18086,0
2.148699,14.18086,0
2.150825,14.18086,0
2.153084,14.18086,0
2.15572,14.18086,0.003353
2.158566,14.18086,0.017064
2.16121,14.18086,0.024684
2.164133,14.18086,0.039246
2.166711,14.18086,0.05209
2.168796,14.18086,0.060846
2.170989,14.18086,0.069629
2.173357,14.18086,0.078695
2.175884,14.18086,0.091431
2.178004,14.18086,0.099256
2.180197,14.18086,0.106857
2.18286,14.18086,0.11947
2.18504,14.18086,0.127369
2.187259,14.18086,0.13505
2.18943,14.18086,0.146727
2.191692,14.18086,0.155512
2.193756,14.18086,0.162206
2.196052,14.18086,0.169973
2.198509,14.18086,0.181538
2.20065,14.18086,0.188282
2.203008,14.18086,0.196099
2.205138,14.18086,0.202638
2.207455,14.18086,0.212995
2.20951,14.18086,0.220619
2.21164,14.18086,0.22825
2.213875,14.18086,0.235886
2.216048,14.18086,0.241151
2.218473,14.18086,0.251296
2.220695,14.18086,0.258927
2.223067,14.18086,0.265239
2.225133,14.18086,0.270708
2.227467,14.18086,0.279467
2.229779,14.18086,0.285723
2.232089,14.18086,0.290881
2.234523,14.18086,0.299515
2.236715,14.18086,0.304333
2.238869,14.18086,0.30939
2.241001,14.18086,0.315486
2.243478,14.18086,0.32281
2.245747,14.18086,0.327739
2.248447,14.18086,0.333525
2.25075,14.18086,0.337277
2.252818,14.18086,0.340986
2.254965,14.18086,0.344318
2.25711,14.18086,0.34793
2.259198,14.18086,0.350091
2.261402,14.18086,0.353219
2.263959,14.18086,0.355595
2.26618,14.18086,0.356504
2.26881,14.18086,0.358277
2.271374,14.18086,0.359674
2.273633,14.18086,0.359756
2.275703,14.18086,0.360344
2.278104,14.18086,0.359423
2.280523,14.18086,0.359139
2.283084,14.18086,0.35804
2.285243,14.18086,0.357867
2.287704,14.18086,0.356672
2.290001,14.18086,0.355831
2.292279,14.18086,0.354888
2.294706,14.18086,0.351899
2.297176,14.18086,0.350306
2.299678,14.18086,0.347089
2.301717,14.18086,0.344798
2.304368,14.18086,0.34202
2.306838,14.18086,0.339404
2.309081,14.18086,0.336476
2.311643,14.18086,0.332149
2.313885,14.18086,0.329399
2.316425,14.18086,0.326256
2.318734,14.18086,0.321296
2.320943,14.18086,0.318026
2.323636,14.18086,0.312897
2.325943,14.18086,0.308894
2.328278,14.18086,0.305444
2.330887,14.18086,0.300074
2.33328,14.18086,0.295687
2.335702,14.18086,0.290809
2.337939,14.18086,0.286341
2.340128,14.18086,0.283281
2.342673,14.18086,0.276146
2.345255,14.18086,0.271568
2.348111,14.18086,0.265742
2.350673,14.18086,0.258418
2.352787,14.18086,0.253051
2.354816,14.18086,0.249058
2.357028,14.18086,0.24362
2.359056,14.18086,0.238837
2.361206,14.18086,0.233342
2.363761,14.18086,0.225738
2.365948,14.18086,0.220854
2.368172,14.18086,0.215254
2.3705,14.18086,0.20746
2.372635,14.18086,0.202497
2.374792,14.18086,0.197438
2.377092,14.18086,0.19171
2.380048,14.18086,0.183687
2.382683,14.18086,0.176314
2.38485,14.18086,0.17107
2.38698,14.18086,0.16521
2.389042,14.18086,0.159898
2.391086,14.18086,0.154732
2.393278,14.18086,0.150099
2.396032,14.18086,0.142454
2.398439,14.18086,0.137226
2.40074,14.18086,0.129738
2.403108,14.18086,0.125737
2.405137,14.18086,0.120465
2.407178,14.18086,0.116425
2.409414,14.18086,0.111883
2.411575,14.18086,0.104765
2.4139,14.18086,0.100961
2.416063,14.18086,0.09639
2.418244,14.18086,0.093786
2.420656,14.18086,0.088433
2.422991,14.18086,0.084269
2.425255,14.18086,0.081198
2.42768,14.18086,0.077775
2.430097,14.18086,0.074695
2.432402,14.18086,0.072384
2.434673,14.18086,0.067759
2.436809,14.18086,0.066216
2.438944,14.18086,0.06313
2.440994,14.18086,0.061586
2.443685,14.18086,0.059269
2.445951,14.18086,0.058109
2.448243,14.18086,0.056561
2.450679,14.18086,0.054239
2.452788,14.18086,0.05269
2.454817,14.18086,0.051916
2.456924,14.18086,0.051141
2.459105,14.18086,0.050367
2.461225,14.18086,0.049592
2.463487,14.18086,0.049592
2.465767,14.18086,0.048817
2.467575,14.18086,0.048817
2.469371,14.18086,0.048817
2.4711,14.18086,0.048817
2.473079,14.18086,0.048043
2.475395,14.18086,0.04841
2.477331,14.18086,0.04841
2.479251,14.18086,0.04841
2.481383,14.18086,0.04841
2.483935,14.18086,0.04841
2.485795,14.18086,0.04841
2.487664,14.18086,0.04841
2.489625,14.18086,0.04841
2.491442,14.18086,0.04841
2.493155,14.18086,0.04841
2.4949,14.18086,0.04841
2.496751,14.18086,0.04841
2.498491,14.18086,0.04841
2.500111,14.18086,0.04841
2.501945,14.18086,0.04841
2.503692,14.18086,0.04841
2.505389,14.18086,0.04841
2.507535,14.18086,0.048777
2.509455,14.18086,0.048777
2.511111,14.18086,0.048777
2.512905,14.18086,0.048777
2.514697,14.18086,0.048777
2.516373,14.18086,0.048777
2.518028,14.18086,0.048777
2.519853,14.18086,0.048777
2.521575,14.18086,0.048777
2.523484,14.18086,0.048777
2.525194,14.18086,0.048777
2.52696,14.18086,0.048777
2.528647,14.18086,0.048777
2.530882,14.18086,0.048777
2.53255,14.18086,0.048777
2.534157,14.18086,0.048777
2.535774,14.18086,0.048777
2.537565,14.18086,0.048777
2.539326,14.18086,0.048777
2.541062,14.18086,0.048777
2.542991,14.18086,0.048777
2.544779,14.18086,0.048777
2.546965,14.18086,0.049143
2.548923,14.18086,0.049143
2.550594,14.18086,0.049143
2.552692,14.18086,0.049509
2.554858,14.18086,0.050655
2.557043,14.18086,0.051021
2.559167,14.18086,0.052585
2.561399,14.18086,0.05332
2.563968,14.18086,0.055259
2.566126,14.18086,0.056414
2.568357,14.18086,0.057941
2.570735,14.18086,0.060263
2.573268,14.18086,0.061797
2.575744,14.18086,0.064553
2.578143,14.18086,0.066894
2.580928,14.18086,0.07042
2.583666,14.18086,0.074764
2.585894,14.18086,0.077942
2.587981,14.18086,0.08113
2.590133,14.18086,0.085139
2.592264,14.18086,0.088351
2.594429,14.18086,0.091574
2.59674,14.18086,0.09807
2.599105,14.18086,0.102542
2.601242,14.18086,0.106629
2.603674,14.18086,0.113607
2.605633,14.18086,0.11897
2.607688,14.18086,0.123938
2.609811,14.18086,0.12975
2.611761,14.18086,0.135581
2.613895,14.18086,0.141431
2.615914,14.18086,0.14813
2.617926,14.18086,0.154464
2.620098,14.18086,0.161208
2.622557,14.18086,0.17094
2.624641,14.18086,0.179035
2.626872,14.18086,0.18537
2.629074,14.18086,0.19303
2.631507,14.18086,0.203714
2.633829,14.18086,0.211414
2.635953,14.18086,0.218618
2.638095,14.18086,0.225503
2.640208,14.18086,0.234074
2.642533,14.18086,0.245997
2.64464,14.18086,0.254586
2.646899,14.18086,0.261798
2.648997,14.18086,0.270397
2.651119,14.18086,0.278173
2.65317,14.18086,0.287032
2.655603,14.18086,0.298936
2.657895,14.18086,0.306114
2.660104,14.18086,0.31471
2.662758,14.18086,0.325757
2.66521,14.18086,0.333712
2.667648,14.18086,0.345524
2.669807,14.18086,0.352624
2.671966,14.18086,0.359706
2.674047,14.18086,0.366768
2.676656,14.18086,0.377771
2.678964,14.18086,0.385466
2.681664,14.18086,0.397068
2.684168,14.18086,0.404014
2.686691,14.18086,0.414013
2.689095,14.18086,0.421621
2.691699,14.18086,0.432252
2.693989,14.18086,0.437537
2.696795,14.18086,0.448048
2.699684,14.18086,0.456227
2.701983,14.18086,0.461355
2.70505,14.18086,0.469403
2.707577,14.18086,0.477374
2.70992,14.18086,0.482448
2.712481,14.18086,0.487363
2.715007,14.18086,0.493602
2.717637,14.18086,0.499922
2.719952,14.18086,0.503978
2.722701,14.18086,0.508654
2.725189,14.18086,0.512832
2.727756,14.18086,0.518055
2.730422,14.18086,0.520635
2.732882,14.18086,0.524462
2.735291,14.18086,0.527613
2.737859,14.18086,0.530728
2.740125,14.18086,0.533194
2.742724,14.18086,0.536242
2.745166,14.18086,0.538653
2.747868,14.18086,0.541632
2.750317,14.18086,0.5434
2.752703,14.18086,0.544793
2.755031,14.18086,0.546524
2.75767,14.18086,0.548809
2.76016,14.18086,0.548989
2.762944,14.18086,0.550671
2.765718,14.18086,0.552338
2.768092,14.18086,0.553441
2.77059,14.18086,0.553572
2.772834,14.18086,0.554659
2.775708,14.18086,0.556276
2.778108,14.18086,0.555839
2.780477,14.18086,0.556372
2.783081,14.18086,0.556903
2.785151,14.18086,0.556903
2.787084,14.18086,0.556903
2.789348,14.18086,0.555928
2.791429,14.18086,0.555928
2.793539,14.18086,0.555928
2.795469,14.18086,0.555928
2.797577,14.18086,0.555928
2.79955,14.18086,0.555928
2.801387,14.18086,0.555928
2.80346,14.18086,0.555928
2.8053,14.18086,0.555928
2.807189,14.18086,0.555928
2.809191,14.18086,0.555928
2.81104,14.18086,0.555928
2.81294,14.18086,0.555928
2.814865,14.18086,0.555928
2.81672,14.18086,0.555928
2.81859,14.18086,0.555928
2.820484,14.18086,0.555928
2.822585,14.18086,0.555928
2.824518,14.18086,0.555928
2.826482,14.18086,0.555928
2.828406,14.18086,0.555928
2.830813,14.18086,0.555928
2.833621,14.18086,0.555928
2.835958,14.18086,0.555928
2.838434,14.18086,0.555928
2.840752,14.18086,0.555928
2.842997,14.18086,0.555928
2.844979,14.18086,0.555928
2.847134,14.18086,0.555928
2.849201,14.18086,0.555928
2.851097,14.18086,0.555928
2.853037,14.18086,0.555928
2.855068,14.18086,0.555928
2.857179,14.18086,0.555928
2.8591,14.18086,0.555928
2.860948,14.18086,0.555928
2.86318,14.18086,0.555928
2.865283,14.18086,0.555928
2.867311,14.18086,0.555928
2.869183,14.18086,0.555928
2.871141,14.18086,0.555928
2.873138,14.18086,0.555928
2.875074,14.18086,0.555928
2.877066,14.18086,0.555928
2.879261,14.18086,0.555928
2.88133,14.18086,0.555928
2.883408,14.18086,0.555928
2.885388,14.18086,0.555928
2.887348,14.18086,0.555928
2.889284,14.18086,0.555928
2.891156,14.18086,0.555928
2.893032,14.18086,0.555928
2.895124,14.18086,0.555928
2.897266,14.18086,0.555928
2.899393,14.18086,0.555928
2.901337,14.18086,0.555928
2.903405,14.18086,0.555928
2.905329,14.18086,0.555928
2.907168,14.18086,0.555928
2.909044,14.18086,0.555928
2.910974,14.18086,0.555928
2.912984,14.18086,0.555928
2.914976,14.18086,0.555928
2.91698,14.18086,0.555928
2.918843,14.18086,0.555928
2.920713,14.18086,0.555928
2.92273,14.18086,0.555928
2.924578,14.18086,0.555928
2.926346,14.18086,0.555928
2.928165,14.18086,0.555928
2.930245,14.18086,0.555928
2.932284,14.18086,0.555928
2.934203,14.18086,0.555928
2.936085,14.18086,0.555928
2.938041,14.18086,0.555928
2.93993,14.18086,0.555928
2.941779,14.18086,0.555928
2.9438,14.18086,0.555928
2.945718,14.18086,0.555928
2.94778,14.18086,0.555928
2.949861,14.18086,0.555928
2.951812,14.18086,0.555928
2.953665,14.18086,0.555928
2.955621,14.18086,0.555928
2.957479,14.18086,0.555928
2.959409,14.18086,0.555928
2.961228,14.18086,0.555928
2.963504,14.18086,0.555928
2.965626,14.18086,0.555928
2.967735,14.18086,0.555928
2.969682,14.18086,0.555928
2.971569,14.18086,0.555928
2.973839,14.18086,0.554952
2.976155,14.18086,0.553
2.978672,14.18086,0.550067
2.981192,14.18086,0.548109
2.983724,14.18086,0.542688
2.986092,14.18086,0.539227
2.988765,14.18086,0.5338
2.991153,14.18086,0.528368
2.993655,14.18086,0.520957
2.996006,14.18086,0.515513
2.998672,14.18086,0.507092
3.000944,14.18086,0.500643
3.003634,14.18086,0.491199
3.005926,14.18086,0.484731
3.008354,14.18086,0.47778
3.010798,14.18086,0.467828
3.013118,14.18086,0.459873
3.015831,14.18086,0.448907
3.018252,14.18086,0.440946
3.020693,14.18086,0.429508
3.023365,14.18086,0.42109
3.025746,14.18086,0.408194
3.028254,14.18086,0.399228
3.030873,14.18086,0.385893
3.033355,14.18086,0.376932
3.035778,14.18086,0.362606
3.03795,14.18086,0.353211
3.039983,14.18086,0.342811
3.04208,14.18086,0.333425
3.044791,14.18086,0.319144
3.048039,14.18086,0.303285
3.050671,14.18086,0.288026
3.053106,14.18086,0.278678
3.055419,14.18086,0.263452
3.05758,14.18086,0.252704
3.059892,14.18086,0.242377
3.062064,14.18086,0.232057
3.064717,14.18086,0.216904
3.066939,14.18086,0.20661
3.069158,14.18086,0.196325
3.071501,14.18086,0.181617
3.073685,14.18086,0.171357
3.075758,14.18086,0.162122
3.078066,14.18086,0.152898
3.080548,14.18086,0.138255
3.083058,14.18086,0.127686
3.085268,14.18086,0.118866
3.087697,14.18086,0.105295
3.089841,14.18086,0.096146
3.09216,14.18086,0.087355
3.094687,14.18086,0.073843
3.097235,14.18086,0.066085
3.099725,14.18086,0.053955
3.101845,14.18086,0.045203
3.104436,14.18086,0.038484
3.106851,14.18086,0.026708
3.109114,14.18086,0.018993
3.111508,14.18086,0.009259
3.114137,14.18086,0.002874
3.116585,14.18086,0
3.118901,14.18086,0
3.121068,14.18086,0
3.123589,14.18086,0
3.125825,14.18086,0
3.128055,14.18086,0
3.130816,14.18086,0
3.133284,14.18086,0
3.13585,14.18086,0
3.138138,14.18086,0
3.140563,14.18086,0
3.142991,14.18086,0
3.145469,14.18086,0
3.148362,14.18086,0
3.150786,14.18086,0
3.15308,14.18086,0
3.155279,14.18086,0
3.157737,14.18086,0
3.160122,14.18086,0
3.163009,14.18086,0
3.16565,14.18086,0
3.16792,14.18086,0
3.170027,14.18086,0
3.172149,14.18086,0
3.174666,14.18086,0
3.177186,14.18086,0
3.180196,14.18086,0
3.183168,14.18086,0
3.185843,14.18086,0
3.188054,14.18086,0
3.190428,14.18086,0
3.192674,14.18086,0
3.194788,14.18086,0
3.19702,14.18086,0
3.199652,14.18086,0
3.201887,14.18086,0
3.204391,14.18086,0
3.206694,14.18086,0
3.208999,14.18086,0
3.21126,14.18086,0
3.213651,14.18086,0
3.215929,14.18086,0
3.218107,14.18086,0
3.220736,14.18086,0
3.223413,14.18086,0
3.225687,14.18086,0
3.227779,14.18086,0
3.230115,14.18086,0
3.232844,14.18086,0
3.235072,14.18086,0
3.237293,14.18086,0
3.239658,14.18086,0
3.241877,14.18086,0
3.244475,14.18086,0
3.246619,14.18086,0
3.248878,14.18086,0
3.251091,14.18086,0
3.253698,14.18086,0
3.255883,14.18086,0
3.258026,14.18086,0
3.260158,14.18086,0
3.262743,14.18086,0
3.265068,14.18086,0
3.267274,14.18086,0
3.269764,14.18086,0
3.272004,14.18086,0
3.274104,14.18086,0
3.276247,14.18086,0
3.278564,14.18086,0
3.280877,14.18086,0
3.283546,14.18086,0
3.285859,14.18086,0
3.287995,14.18086,0
3.290311,14.18086,0
3.292763,14.18086,0
3.294898,14.18086,0
3.297152,14.18086,0
3.299765,14.18086,0
3.301974,14.18086,0
3.304574,14.18086,0
3.306828,14.18086,0
3.308899,14.18086,0
3.310876,14.18086,0
3.313409,14.18086,0
3.315838,14.18086,0
3.318091,14.18086,0
3.32006,14.18086,0
3.322728,14.18086,0
3.324675,14.18086,0
3.326845,14.18086,0
3.329254,14.18086,0
3.331522,14.18086,0
3.333489,14.18086,0
3.335578,14.18086,0
3.337826,14.18086,0
3.339808,14.18086,0
3.341869,14.18086,0
3.344354,14.18086,0
3.346805,14.18086,0
3.349116,14.18086,0
3.351282,14.18086,0
3.353652,14.18086,0
3.355806,14.18086,0
3.35805,14.18086,0
3.360296,14.18086,0
3.362855,14.18086,0
3.365679,14.18086,0
3.367925,14.18086,0
3.37005,14.18086,0
3.37217,14.18086,0
3.374711,14.18086,0
3.376994,14.18086,0
3.379826,14.18086,0
3.382402,14.18086,0
3.384946,14.18086,0
3.387149,14.18086,0
3.389425,14.18086,0
3.39175,14.18086,0
3.393936,14.18086,0
3.396173,14.18086,0
3.398771,14.18086,0
3.401008,14.18086,0
3.403586,14.18086,0
3.405859,14.18086,0
3.408156,14.18086,0
3.410251,14.18086,0
3.412782,14.18086,0
3.415146,14.18086,0
3.417693,14.18086,0
3.419711,14.18086,0
3.421897,14.18086,0
3.424166,14.18086,0
3.426912,14.18086,0
3.429389,14.18086,0
3.4319,14.18086,0
3.434082,14.18086,0
3.436271,14.18086,0
3.438596,14.18086,0
3.441001,14.18086,0
3.443511,14.18086,0
3.445894,14.18086,0
3.448426,14.18086,0
3.450769,14.18086,0
3.452935,14.18086,0
3.455057,14.18086,0
3.457462,14.18086,0
3.459881,14.18086,0
3.462484,14.18086,0
3.465371,14.18086,0
3.46772,14.18086,0
3.470052,14.18086,0
3.472638,14.18086,0
3.474944,14.18086,0
3.477277,14.18086,0
3.479734,14.18086,0
3.482239,14.18086,0
3.484764,14.18086,0
3.487007,14.18086,0
3.489433,14.18086,0
3.491744,14.18086,0
3.494064,14.18086,0
3.496885,14.18086,0
3.499658,14.18086,0
3.501842,14.18086,0
3.504436,14.18086,0
3.506796,14.18086,0
3.509287,14.18086,0
3.511725,14.18086,0
3.51463,14.18086,0
3.516907,14.18086,0
3.519097,14.18086,0
3.521674,14.18086,0
3.524371,14.18086,0
3.52673,14.18086,0
3.529012,14.18086,0
3.531594,14.18086,0
3.534026,14.18086,0
3.536364,14.18086,0
3.538741,14.18086,0
3.540991,14.18086,0
3.543692,14.18086,0
3.546068,14.18086,0
3.548812,14.18086,0
3.551149,14.18086,0
3.55369,14.18086,0
3.556065,14.18086,0
3.558672,14.18086,0
3.560966,14.18086,0
3.563712,14.18086,0
3.566164,14.18086,0
3.568608,14.18086,0
3.570882,14.18086,0
3.573082,14.18086,0
3.57539,14.18086,0
3.577704,14.18086,0
3.580852,14.18086,0
3.583933,14.18086,0
3.586212,14.18086,0
3.588896,14.18086,0
3.591163,14.18086,0
3.593638,14.18086,0
3.596073,14.18086,0
3.59872,14.18086,0
3.601006,14.18086,0
3.603875,14.18086,0
3.606279,14.18086,0
3.608733,14.18086,0
3.611027,14.18086,0
3.613754,14.18086,0
3.61608,14.18086,0
3.618554,14.18086,0
3.62076,14.18086,0
3.623492,14.18086,0
3.625788,14.18086,0
3.628016,14.18086,0
3.630755,14.18086,0
3.633174,14.18086,0
3.635708,14.18086,0
3.638008,14.18086,0
3.6403,14.18086,0
3.64285,14.18086,0
3.645077,14.18086,0
3.64781,14.18086,0
3.65025,14.18086,0
3.65271,14.18086,0
3.654981,14.18086,0
3.657391,14.18086,0
3.659832,14.18086,0
3.662185,14.18086,0
3.664883,14.18086,0
3.66725,14.18086,0
3.669593,14.18086,0
3.671903,14.18086,0
3.673923,14.18086,0
3.675889,14.18086,0
3.678148,14.18086,0
3.680608,14.18086,0
3.682929,14.18086,0
3.684914,14.18086,0
3.686917,14.18086,0
3.688926,14.18086,0
3.690916,14.18086,0
3.692904,14.18086,0
3.694848,14.18086,0
3.697183,14.18086,0
3.699634,14.18086,0
3.701683,14.18086,0
3.70391,14.18086,0
3.705938,14.18086,0
3.707967,14.18086,0
3.710028,14.18086,0
3.712148,14.18086,0
3.714532,14.18086,0
3.716619,14.18086,0
3.718901,14.18086,0
3.721257,14.18086,0
3.723851,14.18086,0
3.726244,14.18086,0
3.728694,14.18086,0
3.731454,14.18086,0
3.733617,14.18086,0
3.735984,14.18086,0
3.738386,14.18086,0.003142
3.740484,14.18086,0.008899
3.742713,14.18086,0.012319
3.744663,14.18086,0.016812
3.746834,14.18086,0.020244
3.749182,14.18086,0.02475
3.751445,14.18086,0.029774
3.753466,14.18086,0.032942
3.755712,14.18086,0.038537
3.757824,14.18086,0.041713
3.760116,14.18086,0.045169
3.762811,14.18086,0.051291
3.765606,14.18086,0.056341
3.767726,14.18086,0.060596
3.769856,14.18086,0.063261
3.772265,14.18086,0.068589
3.774411,14.18086,0.074427
3.776651,14.18086,0.079747
3.779096,14.18086,0.082913
3.781807,14.18086,0.087937
3.784288,14.18086,0.09109
3.786733,14.18086,0.096879
3.788832,14.18086,0.099722
3.790893,14.18086,0.102845
3.792893,14.18086,0.106735
3.795081,14.18086,0.109835
3.7975,14.18086,0.115231
3.799676,14.18086,0.117996
3.801815,14.18086,0.121807
3.804073,14.18086,0.124533
3.806418,14.18086,0.126176
3.808629,14.18086,0.131412
3.81077,14.18086,0.133744
3.813126,14.18086,0.135312
3.815491,14.18086,0.140815
3.817636,14.18086,0.143365
3.81989,14.18086,0.145552
3.8219,14.18086,0.148041
3.824253,14.18086,0.150156
3.826383,14.18086,0.152219
3.828595,14.18086,0.154236
3.830965,14.18086,0.156209
3.833543,14.18086,0.158431
3.835941,14.18086,0.1603
3.83852,14.18086,0.162004
3.840815,14.18086,0.162751
3.843699,14.18086,0.163294
3.846272,14.18086,0.163938
3.848834,14.18086,0.164331
3.851252,14.18086,0.164291
3.853681,14.18086,0.163567
3.855714,14.18086,0.16304
3.85796,14.18086,0.162477
3.860074,14.18086,0.162301
3.862737,14.18086,0.16039
3.865277,14.18086,0.159711
3.867679,14.18086,0.157182
3.869855,14.18086,0.155492
3.872206,14.18086,0.153777
3.874677,14.18086,0.150697
3.877166,14.18086,0.149371
3.879872,14.18086,0.145758
3.882893,14.18086,0.142563
3.885641,14.18086,0.138891
3.887756,14.18086,0.136585
3.889883,14.18086,0.13427
3.892098,14.18086,0.131481
3.894422,14.18086,0.129147
3.89683,14.18086,0.125396
3.899165,14.18086,0.123042
3.901677,14.18086,0.119258
3.904089,14.18086,0.116883
3.906446,14.18086,0.114501
3.908736,14.18086,0.111155
3.910837,14.18086,0.108275
3.913075,14.18086,0.105531
3.915535,14.18086,0.103124
3.917807,14.18086,0.098455
3.920033,14.18086,0.096521
3.922613,14.18086,0.092335
3.924776,14.18086,0.089607
3.926963,14.18086,0.087184
3.929264,14.18086,0.084462
3.931788,14.18086,0.080004
3.933866,14.18086,0.078068
3.936016,14.18086,0.075848
3.93825,14.18086,0.073151
3.940809,14.18086,0.069221
3.942977,14.18086,0.06627
3.945157,14.18086,0.0636
3.947612,14.18086,0.060193
3.949624,14.18086,0.056802
3.951679,14.18086,0.0539
3.953775,14.18086,0.051744
3.955915,14.18086,0.048863
3.95807,14.18086,0.046463
3.960155,14.18086,0.044331
3.962675,14.18086,0.040295
3.964997,14.18086,0.037463
3.967249,14.18086,0.034386
3.969599,14.18086,0.030411
3.971841,14.18086,0.028077
3.974017,14.18086,0.025041
3.976051,14.18086,0.022279
3.978239,14.18086,0.02068
3.980786,14.18086,0.016093
3.983143,14.18086,0.013112
3.985499,14.18086,0.009711
3.987654,14.18086,0.005634
3.989858,14.18086,0.002427
3.992048,14.18086,0
3.994121,14.18086,0
3.996664,14.18086,0
3.998924,14.18086,0
4.001097,14.18086,0
4.003704,14.18086,0
4.005788,14.18086,0
4.00802,14.18086,0
4.010348,14.18086,0
4.012634,14.18086,0
4.014938,14.18086,0
4.017013,14.18086,0
4.01946,14.18086,0
4.021685,14.18086,0
4.02402,14.18086,0
4.026062,14.18086,0
4.027927,14.18086,0
4.030041,14.18086,0
4.032157,14.18086,0
4.034368,14.18086,0
4.036726,14.18086,0
4.038969,14.18086,0
4.040894,14.18086,0
4.043364,14.18086,0
4.045799,14.18086,0
4.048237,14.18086,0
4.050629,14.18086,0
4.052817,14.18086,0
4.054993,14.18086,0
4.057307,14.18086,0
4.059699,14.18086,0
4.06177,14.18086,0
4.064308,14.18086,0
4.066908,14.18086,0
4.06904,14.18086,0
4.071113,14.18086,0
4.073164,14.18086,0
4.075181,14.18086,0
4.077632,14.18086,0
4.07992,14.18086,0
4.082165,14.18086,0
4.084821,14.18086,0
4.087083,14.18086,0
4.089142,14.18086,0
4.0912,14.18086,0
4.093661,14.18086,0
4.095824,14.18086,0
4.098107,14.18086,0
4.100511,14.18086,0
4.102831,14.18086,0
4.104911,14.18086,0
4.10696,14.18086,0
4.109023,14.18086,0
4.111203,14.18086,0
4.11383,14.18086,0
4.11596,14.18086,0
4.118146,14.18086,0
4.120095,14.18086,0
4.122501,14.18086,0
4.124494,14.18086,0
4.126482,14.18086,0
4.149265,14.18086,0
4.16454,14.18086,0
4.167364,14.18086,0
4.169687,14.18086,0
4.171575,14.18086,0
4.173675,14.18086,0
4.175807,14.18086,0
4.178006,14.18086,0
4.180679,14.18086,0
4.183101,14.18086,0
4.185252,14.18086,0
4.187691,14.18086,0
4.189832,14.18086,0
4.192021,14.18086,0
4.19413,14.18086,0
4.196811,14.18086,0
4.199424,14.18086,0
4.201784,14.18086,0
4.204853,14.18086,0
4.207402,14.18086,0
4.209679,14.18086,0
4.211846,14.18086,0
4.214111,14.18086,0
4.216422,14.18086,0
4.218713,14.18086,0
4.220858,14.18086,0
4.223346,14.18086,0
4.22567,14.18086,0
4.227906,14.18086,0
4.230648,14.18086,0
4.232907,14.18086,0
4.234967,14.18086,0
4.237006,14.18086,0
4.239069,14.18086,0
4.241124,14.18086,0
4.243937,14.18086,0
4.246164,14.18086,0
4.248691,14.18086,0
4.250751,14.18086,0
4.252842,14.18086,0
4.255075,14.18086,0
4.257415,14.18086,0
4.25981,14.18086,0
4.262051,14.18086,0
4.264735,14.18086,0
4.266865,14.18086,0
4.268958,14.18086,0
4.271048,14.18086,0
4.273128,14.18086,0
4.275504,14.18086,0
4.27775,14.18086,0
4.280296,14.18086,0
4.282946,14.18086,0
4.285153,14.18086,0
4.28768,14.18086,0
4.289855,14.18086,0
4.291975,14.18086,0
4.29424,14.18086,0
4.296816,14.18086,0
4.29919,14.18086,0
4.301494,14.18086,0
4.303822,14.18086,0
4.305938,14.18086,0
4.30811,14.18086,0
4.310191,14.18086,0
4.312743,14.18086,0
4.315062,14.18086,0
4.317207,14.18086,0
4.319199,14.18086,0
4.321318,14.18086,0
4.323828,14.18086,0
4.326179,14.18086,0
4.328276,14.18086,0
4.330556,14.18086,0
4.332504,14.18086,0
4.334625,14.18086,0
4.33682,14.18086,0
4.338956,14.18086,0
4.341042,14.18086,0
4.343457,14.18086,0
4.345494,14.18086,0
4.347825,14.18086,0
4.350076,14.18086,0
4.352221,14.18086,0
4.354159,14.18086,0
4.356429,14.18086,0
4.358757,14.18086,0
4.360923,14.18086,0
4.363015,14.18086,0
4.365272,14.18086,0
4.367712,14.18086,0
4.36986,14.18086,0
4.371963,14.18086,0
4.37404,14.18086,0
4.37618,14.18086,0
4.378453,14.18086,0
4.38092,14.18086,0
4.383765,14.18086,0
4.386057,14.18086,0
4.388281,14.18086,0
4.390709,14.18086,0
4.392769,14.18086,0
4.39485,14.18086,0
4.397212,14.18086,0
4.399817,14.18086,0
4.402115,14.18086,0
4.404685,14.18086,0
4.406908,14.18086,0
4.409051,14.18086,0
4.411166,14.18086,0
4.413716,14.18086,0
4.416068,14.18086,0
4.41826,14.18086,0
4.420853,14.18086,0
4.423217,14.18086,0
4.425664,14.18086,0
4.427886,14.18086,0
4.430318,14.18086,0
4.432763,14.18086,0
4.434908,14.18086,0
4.437089,14.18086,0
4.4397,14.18086,0
4.441926,14.18086,0
4.444723,14.18086,0
4.447014,14.18086,0
4.44929,14.18086,0
4.451758,14.18086,0
4.453822,14.18086,0
4.455956,14.18086,0
4.458121,14.18086,0
4.460256,14.18086,0
4.462893,14.18086,0
4.465171,14.18086,0
4.467743,14.18086,0
4.469969,14.18086,0
4.472017,14.18086,0
4.474086,14.18086,0
4.476346,14.18086,0
4.478814,14.18086,0
4.4813,14.18086,0
4.484056,14.18086,0
4.486604,14.18086,0
4.488772,14.18086,0
4.490957,14.18086,0
4.493084,14.18086,0
4.495266,14.18086,0
4.497764,14.18086,0
4.500093,14.18086,0
4.502721,14.18086,0
4.50478,14.18086,0
4.506934,14.18086,0
4.509099,14.18086,0
4.511203,14.18086,0
4.513803,14.18086,0
4.51609,14.18086,0
4.518669,14.18086,0
4.520797,14.18086,0
4.523205,14.18086,0
4.525672,14.18086,0
4.527843,14.18086,0
4.530381,14.18086,0
4.532852,14.18086,0
4.535123,14.18086,0
4.53743,14.18086,0
4.539706,14.18086,0
4.54188,14.18086,0
4.544672,14.18086,0
4.547178,14.18086,0
4.549839,14.18086,0
4.552018,14.18086,0
4.554413,14.18086,0
4.556706,14.18086,0
4.558835,14.18086,0
4.56116,14.18086,0
4.563826,14.18086,0
4.566225,14.18086,0
4.568907,14.18086,0
4.571092,14.18086,0
4.573464,14.18086,0
4.575724,14.18086,0
4.577873,14.18086,0
4.580475,14.18086,0
4.583084,14.18086,0
4.58528,14.18086,0
4.587733,14.18086,0
4.589873,14.18086,0
4.592016,14.18086,0
4.594174,14.18086,0
4.596808,14.18086,0
4.599267,14.18086,0
4.601777,14.18086,0
4.604425,14.18086,0
4.606739,14.18086,0
4.608902,14.18086,0
4.61104,14.18086,0
4.61386,14.18086,0
4.616142,14.18086,0
4.618656,14.18086,0
4.620765,14.18086,0
4.623433,14.18086,0
4.625723,14.18086,0
4.627909,14.18086,0
4.630184,14.18086,0
4.632758,14.18086,0
4.634966,14.18086,0
4.637273,14.18086,0
4.63985,14.18086,0
4.642213,14.18086,0
4.644785,14.18086,0
4.647204,14.18086,0
4.649701,14.18086,0
4.65193,14.18086,0
4.654052,14.18086,0
4.656124,14.18086,0
4.658306,14.18086,0
4.660688,14.18086,0
4.663301,14.18086,0
4.665645,14.18086,0
4.667895,14.18086,0
4.670009,14.18086,0
4.672369,14.18086,0
4.67448,14.18086,0
4.676491,14.18086,0
4.67848,14.18086,0
4.681056,14.18086,0
4.68375,14.18086,0
4.685875,14.18086,0
4.68795,14.18086,0
4.689899,14.18086,0.003125
4.691899,14.18086,0.00722
4.693914,14.18086,0.010642
4.696139,14.18086,0.014627
4.698483,14.18086,0.01973
4.700492,14.18086,0.023912
4.702688,14.18086,0.027687
4.704567,14.18086,0.031396
4.706603,14.18086,0.033767
4.708578,14.18086,0.037337
4.710609,14.18086,0.040458
4.71281,14.18086,0.042994
4.715008,14.18086,0.045956
4.716917,14.18086,0.049224
4.718798,14.18086,0.051152
4.720663,14.18086,0.053004
4.722764,14.18086,0.055621
4.724734,14.18086,0.057308
4.726629,14.18086,0.059741
4.728639,14.18086,0.060439
4.7307,14.18086,0.061882
4.732597,14.18086,0.063688
4.734479,14.18086,0.06576
4.736482,14.18086,0.066623
4.738564,14.18086,0.067738
4.740834,14.18086,0.068472
4.743117,14.18086,0.069426
4.744936,14.18086,0.070778
4.74711,14.18086,0.070819
4.749095,14.18086,0.071287
4.751077,14.18086,0.071694
4.752912,14.18086,0.072756
4.754774,14.18086,0.073032
4.756884,14.18086,0.072721
4.759066,14.18086,0.073395
4.761025,14.18086,0.073629
4.763508,14.18086,0.073893
4.765492,14.18086,0.073811
4.767484,14.18086,0.073664
4.769469,14.18086,0.072889
4.771454,14.18086,0.072608
4.773484,14.18086,0.071685
4.77547,14.18086,0.071268
4.777521,14.18086,0.070198
4.779599,14.18086,0.069644
4.781744,14.18086,0.068437
4.784214,14.18086,0.067156
4.786178,14.18086,0.065839
4.788271,14.18086,0.065035
4.79027,14.18086,0.063613
4.792242,14.18086,0.062142
4.79412,14.18086,0.060623
4.796459,14.18086,0.058197
4.798743,14.18086,0.05655
4.800895,14.18086,0.055503
4.803236,14.18086,0.053266
4.805509,14.18086,0.050666
4.807518,14.18086,0.048822
4.809471,14.18086,0.047124
4.811746,14.18086,0.045198
4.813908,14.18086,0.04344
4.815794,14.18086,0.041656
4.817876,14.18086,0.039848
4.819954,14.18086,0.038014
4.822129,14.18086,0.036588
4.824773,14.18086,0.034273
4.826858,14.18086,0.032783
4.829128,14.18086,0.031124
4.832109,14.18086,0.02888
4.835086,14.18086,0.026892
4.837861,14.18086,0.024567
4.840127,14.18086,0.023547
4.842619,14.18086,0.021488
4.844844,14.18086,0.01974
4.84713,14.18086,0.019067
4.849656,14.18086,0.016951
4.851807,14.18086,0.015884
4.853936,14.18086,0.01481
4.856101,14.18086,0.013731
4.858245,14.18086,0.012278
4.860977,14.18086,0.010458
4.863785,14.18086,0.008973
4.866375,14.18086,0.007859
4.86892,14.18086,0.00601
4.871051,14.18086,0.005615
4.87313,14.18086,0.003751
4.875364,14.18086,0.002613
4.877727,14.18086,0.001055
4.880291,14.18086,0.000638
4.882822,14.18086,0
4.885055,14.18086,0
4.8874,14.18086,0
4.889794,14.18086,0
4.891985,14.18086,0
4.894065,14.18086,0
4.89625,14.18086,0
4.898665,14.18086,0
4.900883,14.18086,0
4.903428,14.18086,0
4.905674,14.18086,0
4.907872,14.18086,0
4.909934,14.18086,0
4.912016,14.18086,0
4.914451,14.18086,0
4.916718,14.18086,0
4.918829,14.18086,0
4.920889,14.18086,0
4.92319,14.18086,0
4.925204,14.18086,0
4.92745,14.18086,0
4.929825,14.18086,0
4.931837,14.18086,0
4.933545,14.18086,0
4.935321,14.18086,0
4.937756,14.18086,0
4.939499,14.18086,0
4.941119,14.18086,0
4.942958,14.18086,0
4.944645,14.18086,0
4.94691,14.18086,0
4.949104,14.18086,0
4.951133,14.18086,0
4.952816,14.18086,0
4.954502,14.18086,0
4.956304,14.18086,0
4.958428,14.18086,0
4.960536,14.18086,0
4.963267,14.18086,0
4.965183,14.18086,0
4.967026,14.18086,0
4.96875,14.18086,0
4.970417,14.18086,0
4.972133,14.18086,0
4.973747,14.18086,0
4.975703,14.18086,0
4.977445,14.18086,0
4.979237,14.18086,0
4.981087,14.18086,0
4.983606,14.18086,0
4.985423,14.18086,0
4.987204,14.18086,0
4.989053,14.18086,0
4.990747,14.18086,0
4.992445,14.18086,0
4.99403,14.18086,0
4.995826,14.18086,0
4.997744,14.18086,0
4.999402,14.18086,0
5.00114,14.18086,0
5.002989,14.18086,0
5.004614,14.18086,0
5.006242,14.18086,0
5.008009,14.18086,0
5.009622,14.18086,0
5.011416,14.18086,0
5.013419,14.18086,0
5.015657,14.18086,0
5.017841,14.18086,0
5.019956,14.18086,0
5.022083,14.18086,0
5.02468,14.18086,0
5.026844,14.18086,0
5.029208,14.18086,0
5.031903,14.18086,0
5.034112,14.18086,0
5.036232,14.18086,0.001117
5.03866,14.18086,0.004483
5.040803,14.18086,0.006784
5.043125,14.18086,0.009084
5.045772,14.18086,0.013235
5.048157,14.18086,0.015539
5.050548,14.18086,0.019706
5.052755,14.18086,0.02355
5.054857,14.18086,0.025424
5.057125,14.18086,0.029274
5.059293,14.18086,0.031929
5.061626,14.18086,0.037679
5.064145,14.18086,0.041125
5.066709,14.18086,0.046533
5.068816,14.18086,0.050768
5.070829,14.18086,0.055013
5.072845,14.18086,0.058882
5.074948,14.18086,0.063532
5.07701,14.18086,0.067409
5.079496,14.18086,0.072462
5.081931,14.18086,0.079078
5.084418,14.18086,0.083733
5.086715,14.18086,0.091137
5.088791,14.18086,0.095449
5.09094,14.18086,0.100876
5.093181,14.18086,0.105522
5.095697,14.18086,0.112942
5.098046,14.18086,0.118352
5.10043,14.18086,0.122982
5.102844,14.18086,0.130682
5.104869,14.18086,0.13656
5.106954,14.18086,0.141935
5.109188,14.18086,0.147299
5.111439,14.18086,0.152652
5.113753,14.18086,0.161038
5.115911,14.18086,0.166358
5.117972,14.18086,0.171664
5.12002,14.18086,0.176957
5.122747,14.18086,0.184492
5.124844,14.18086,0.190497
5.127025,14.18086,0.195735
5.129724,14.18086,0.203932
5.132046,14.18086,0.208385
5.13412,14.18086,0.213564
5.136151,14.18086,0.217357
5.138148,14.18086,0.223225
5.14014,14.18086,0.227608
5.142659,14.18086,0.235607
5.144753,14.18086,0.239947
5.147127,14.18086,0.244313
5.149445,14.18086,0.248612
5.151731,14.18086,0.255028
5.153828,14.18086,0.259991
5.155981,14.18086,0.263521
5.158239,14.18086,0.267723
5.160679,14.18086,0.274001
5.163508,14.18086,0.278162
5.165913,14.18086,0.282932
5.168149,14.18086,0.287039
5.170405,14.18086,0.291125
5.172801,14.18086,0.296539
5.175021,14.18086,0.299903
5.177263,14.18086,0.303251
5.179723,14.18086,0.308575
5.182242,14.18086,0.311881
5.184675,14.18086,0.315676
5.186826,14.18086,0.318285
5.189115,14.18086,0.321531
5.191715,14.18086,0.325402
5.193853,14.18086,0.326502
5.196501,14.18086,0.329055
5.199064,14.18086,0.33223
5.201459,14.18086,0.334756
5.20414,14.18086,0.337271
5.206802,14.18086,0.339544
5.209113,14.18086,0.341406
5.211692,14.18086,0.343262
5.214154,14.18086,0.34511
5.216724,14.18086,0.346085
5.219079,14.18086,0.347306
5.221752,14.18086,0.349131
5.224712,14.18086,0.350949
5.22738,14.18086,0.350677
5.229946,14.18086,0.353081
5.232658,14.18086,0.353991
5.235113,14.18086,0.355181
5.23766,14.18086,0.356367
5.239919,14.18086,0.35755
5.242386,14.18086,0.35814
5.245071,14.18086,0.358423
5.247733,14.18086,0.36018
5.250248,14.18086,0.360764
5.252591,14.18086,0.361929
5.254886,14.18086,0.36309
5.257257,14.18086,0.363669
5.259491,14.18086,0.364825
5.261797,14.18086,0.365977
5.264719,14.18086,0.367126
5.267289,14.18086,0.367698
5.269847,14.18086,0.368841
5.2723,14.18086,0.369411
5.27466,14.18086,0.369981
5.277105,14.18086,0.371116
5.279425,14.18086,0.371116
5.281924,14.18086,0.372248
5.284485,14.18086,0.372812
5.286813,14.18086,0.373375
5.288801,14.18086,0.373375
5.291055,14.18086,0.373938
5.293102,14.18086,0.373938
5.295312,14.18086,0.374499
5.298327,14.18086,0.37506
5.30092,14.18086,0.374136
5.30314,14.18086,0.374136
5.305428,14.18086,0.374694
5.307723,14.18086,0.375252
5.309704,14.18086,0.375252
5.311608,14.18086,0.375252
5.314252,14.18086,0.375808
5.316387,14.18086,0.375808
5.318271,14.18086,0.375808
5.320155,14.18086,0.375808
5.322611,14.18086,0.376364
5.324521,14.18086,0.376364
5.326328,14.18086,0.376364
5.328148,14.18086,0.376364
5.330185,14.18086,0.376364
5.332301,14.18086,0.376364
5.334563,14.18086,0.376919
5.336595,14.18086,0.376919
5.338518,14.18086,0.376919
5.340361,14.18086,0.376919
5.342811,14.18086,0.377848
5.344872,14.18086,0.377848
5.346935,14.18086,0.377848
5.348907,14.18086,0.377848
5.350783,14.18086,0.377848
5.352644,14.18086,0.377848
5.354443,14.18086,0.377848
5.356283,14.18086,0.377848
5.358121,14.18086,0.377848
5.359971,14.18086,0.377848
5.361863,14.18086,0.377848
5.364146,14.18086,0.377848
5.366161,14.18086,0.377848
5.368084,14.18086,0.377848
5.369935,14.18086,0.377848
5.371847,14.18086,0.377848
5.373639,14.18086,0.377848
5.375637,14.18086,0.377848
5.377728,14.18086,0.377848
5.379865,14.18086,0.377848
5.381888,14.18086,0.377848
5.383996,14.18086,0.377848
5.385845,14.18086,0.377848
5.387648,14.18086,0.377848
5.38947,14.18086,0.377848
5.391278,14.18086,0.377848
5.393141,14.18086,0.377848
5.395258,14.18086,0.377848
5.397297,14.18086,0.377848
5.39935,14.18086,0.377848
5.401308,14.18086,0.377848
5.403369,14.18086,0.377848
5.405191,14.18086,0.377848
5.407084,14.18086,0.377848
5.408965,14.18086,0.377848
5.410859,14.18086,0.377848
5.412773,14.18086,0.377848
5.414804,14.18086,0.377848
5.4167,14.18086,0.377848
5.418589,14.18086,0.377848
5.420499,14.18086,0.377848
5.422578,14.18086,0.377848
5.424422,14.18086,0.377848
5.426282,14.18086,0.377848
5.4282,14.18086,0.377848
5.430146,14.18086,0.377848
5.432178,14.18086,0.377848
5.434091,14.18086,0.377848
5.435984,14.18086,0.377848
5.437913,14.18086,0.377848
5.439758,14.18086,0.377848
5.441602,14.18086,0.377848
5.443617,14.18086,0.377848
5.445474,14.18086,0.377848
5.447529,14.18086,0.377848
5.4494,14.18086,0.377848
5.451194,14.18086,0.377848
5.453107,14.18086,0.377848
5.454972,14.18086,0.377848
5.457015,14.18086,0.377848
5.458951,14.18086,0.377848
5.460814,14.18086,0.377848
5.462975,14.18086,0.377848
5.464984,14.18086,0.377848
5.467515,14.18086,0.378777
5.469706,14.18086,0.378777
5.471695,14.18086,0.378777
5.474063,14.18086,0.379705
5.476333,14.18086,0.380633
5.478369,14.18086,0.380633
5.480771,14.18086,0.381561
5.483304,14.18086,0.381927
5.485255,14.18086,0.381927
5.487337,14.18086,0.381927
5.489855,14.18086,0.382852
5.492224,14.18086,0.383776
5.494167,14.18086,0.383776
5.496769,14.18086,0.383213
5.499234,14.18086,0.382648
5.501633,14.18086,0.381516
5.504171,14.18086,0.380948
5.506635,14.18086,0.380727
5.508905,14.18086,0.37901
5.511247,14.18086,0.37786
5.513773,14.18086,0.375549
5.516277,14.18086,0.373223
5.518983,14.18086,0.368809
5.521459,14.18086,0.365858
5.524058,14.18086,0.361689
5.526682,14.18086,0.357477
5.529041,14.18086,0.355051
5.531717,14.18086,0.349544
5.534044,14.18086,0.346456
5.536757,14.18086,0.342321
5.539027,14.18086,0.338544
5.541405,14.18086,0.334102
5.543916,14.18086,0.328515
5.546729,14.18086,0.321368
5.549152,14.18086,0.316917
5.551691,14.18086,0.308276
5.553839,14.18086,0.302904
5.556038,14.18086,0.296812
5.558704,14.18086,0.288613
5.560854,14.18086,0.282408
5.563838,14.18086,0.272665
5.566258,14.18086,0.267051
5.568713,14.18086,0.257146
5.570788,14.18086,0.250728
5.572917,14.18086,0.244272
5.574955,14.18086,0.237055
5.57704,14.18086,0.23125
5.579714,14.18086,0.221027
5.582085,14.18086,0.214414
5.584662,14.18086,0.204807
5.586795,14.18086,0.198121
5.58882,14.18086,0.192154
5.590898,14.18086,0.184666
5.592893,14.18086,0.178652
5.595057,14.18086,0.171864
5.597748,14.18086,0.162234
5.600001,14.18086,0.156923
5.602641,14.18086,0.147269
5.604785,14.18086,0.142697
5.606842,14.18086,0.136846
5.609091,14.18086,0.131765
5.611166,14.18086,0.126417
5.613737,14.18086,0.120293
5.61603,14.18086,0.115984
5.618108,14.18086,0.111385
5.620121,14.18086,0.107085
5.622871,14.18086,0.10126
5.624956,14.18086,0.097424
5.627015,14.18086,0.093143
5.629448,14.18086,0.089636
5.631794,14.18086,0.084604
5.633881,14.18086,0.08154
5.6361,14.18086,0.077629
5.638279,14.18086,0.075335
5.640647,14.18086,0.070333
5.642988,14.18086,0.067631
5.64509,14.18086,0.064936
5.64765,14.18086,0.061485
5.649765,14.18086,0.0592
5.651787,14.18086,0.057281
5.653775,14.18086,0.055367
5.655983,14.18086,0.053457
5.658122,14.18086,0.051181
5.660277,14.18086,0.050035
5.662948,14.18086,0.047762
5.665361,14.18086,0.046623
5.667683,14.18086,0.044353
5.669786,14.18086,0.042463
5.671956,14.18086,0.041707
5.674008,14.18086,0.040578
5.676006,14.18086,0.039823
5.678236,14.18086,0.039069
5.680378,14.18086,0.037944
5.682762,14.18086,0.03682
5.684826,14.18086,0.036068
5.686859,14.18086,0.035316
5.688995,14.18086,0.034197
5.690749,14.18086,0.034197
5.69279,14.18086,0.033446
5.694549,14.18086,0.033446
5.69641,14.18086,0.033446
5.698818,14.18086,0.032695
5.700588,14.18086,0.032695
5.702535,14.18086,0.032695
5.704261,14.18086,0.032695
5.705926,14.18086,0.032695
5.707606,14.18086,0.032695
5.70928,14.18086,0.032695
5.710956,14.18086,0.032695
5.712781,14.18086,0.032695
5.714672,14.18086,0.032695
5.716412,14.18086,0.032695
5.718124,14.18086,0.032695
5.719781,14.18086,0.032695
5.72138,14.18086,0.032695
5.723279,14.18086,0.032695
5.725039,14.18086,0.032695
5.726667,14.18086,0.032695
5.728274,14.18086,0.032695
5.730005,14.18086,0.032695
5.731812,14.18086,0.032695
5.733412,14.18086,0.032695
5.735019,14.18086,0.032695
5.736743,14.18086,0.032695
5.738411,14.18086,0.032695
5.740075,14.18086,0.032695
5.741907,14.18086,0.032695
5.74404,14.18086,0.032331
5.745777,14.18086,0.032331
5.747676,14.18086,0.032331
5.749364,14.18086,0.032331
5.751088,14.18086,0.032331
5.752688,14.18086,0.032331
5.754335,14.18086,0.032331
5.755985,14.18086,0.032331
5.757633,14.18086,0.032331
5.759233,14.18086,0.032331
5.761118,14.18086,0.032331
5.764027,14.18086,0.031966
5.766333,14.18086,0.032714
5.768611,14.18086,0.033095
5.770854,14.18086,0.033472
5.77313,14.18086,0.034964
5.775642,14.18086,0.036824
5.777781,14.18086,0.038675
5.780018,14.18086,0.039775
5.782897,14.18086,0.041959
5.785022,14.18086,0.044515
5.787369,14.18086,0.046324
5.789847,14.18086,0.049914
5.791896,14.18086,0.051695
5.793934,14.18086,0.054925
5.79609,14.18086,0.057412
5.798649,14.18086,0.062062
5.800827,14.18086,0.065242
5.803137,14.18086,0.068405
5.80545,14.18086,0.072009
5.807742,14.18086,0.077549
5.809765,14.18086,0.081131
5.811781,14.18086,0.08471
5.814052,14.18086,0.087795
5.81685,14.18086,0.093496
5.819012,14.18086,0.097054
5.821133,14.18086,0.100802
5.823766,14.18086,0.106466
5.825938,14.18086,0.110707
5.827978,14.18086,0.114939
5.830189,14.18086,0.119165
5.83276,14.18086,0.124786
5.835519,14.18086,0.129692
5.837976,14.18086,0.136562
5.84042,14.18086,0.140753
5.842885,14.18086,0.148911
5.845007,14.18086,0.15309
5.847285,14.18086,0.158566
5.849961,14.18086,0.166124
5.85248,14.18086,0.172983
5.854792,14.18086,0.178503
5.857032,14.18086,0.18328
5.859082,14.18086,0.187399
5.861247,14.18086,0.192172
5.863852,14.18086,0.198999
5.866287,14.18086,0.20376
5.86869,14.18086,0.20986
5.870782,14.18086,0.213907
5.872773,14.18086,0.217976
5.874823,14.18086,0.222002
5.876941,14.18086,0.225345
5.879113,14.18086,0.228676
5.881877,14.18086,0.233982
5.884421,14.18086,0.238024
5.886724,14.18086,0.241975
5.88886,14.18086,0.245254
5.890958,14.18086,0.247868
5.893007,14.18086,0.250474
5.895125,14.18086,0.253071
5.897775,14.18086,0.25695
5.900104,14.18086,0.258883
5.902775,14.18086,0.262092
5.905242,14.18086,0.26465
5.907648,14.18086,0.267833
5.909899,14.18086,0.269103
5.912113,14.18086,0.271635
5.91476,14.18086,0.274157
5.917135,14.18086,0.275415
5.919457,14.18086,0.276485
5.921763,14.18086,0.278358
5.924316,14.18086,0.279603
5.926724,14.18086,0.280646
5.929046,14.18086,0.281265
5.931693,14.18086,0.2825
5.933964,14.18086,0.282291
5.936213,14.18086,0.282906
5.938673,14.18086,0.283521
5.940835,14.18086,0.284135
5.943217,14.18086,0.283304
5.945443,14.18086,0.283917
5.947795,14.18086,0.283917
5.949783,14.18086,0.283917
5.951529,14.18086,0.283917
5.953478,14.18086,0.283917
5.955362,14.18086,0.283917
5.95716,14.18086,0.283917
5.958966,14.18086,0.283917
5.960763,14.18086,0.283917
5.962902,14.18086,0.283917
5.964769,14.18086,0.283917
5.966645,14.18086,0.283917
5.968431,14.18086,0.283917
5.970207,14.18086,0.283917
5.972093,14.18086,0.283917
5.973909,14.18086,0.283917
5.975801,14.18086,0.283917
5.977657,14.18086,0.283917
5.979589,14.18086,0.283917
5.981575,14.18086,0.283917
5.983541,14.18086,0.283917
5.985365,14.18086,0.283917
5.98723,14.18086,0.283917
5.989002,14.18086,0.283917
5.990761,14.18086,0.283917
5.992581,14.18086,0.283917
5.994469,14.18086,0.283917
5.996292,14.18086,0.283917
5.998186,14.18086,0.283917
6.000071,14.18086,0.283917
6.002068,14.18086,0.283917
6.003841,14.18086,0.283917
6.005542,14.18086,0.283917
6.007311,14.18086,0.283917
6.009414,14.18086,0.283917
6.011498,14.18086,0.283917
6.014076,14.18086,0.284748
6.016363,14.18086,0.284748
6.018845,14.18086,0.285578
6.020872,14.18086,0.285578
6.023243,14.18086,0.284964
6.025272,14.18086,0.284964
6.027468,14.18086,0.283733
6.029944,14.18086,0.2825
6.032387,14.18086,0.281883
6.034721,14.18086,0.280026
6.036954,14.18086,0.278786
6.039198,14.18086,0.277347
6.041664,14.18086,0.275483
6.044243,14.18086,0.273425
6.04678,14.18086,0.270121
6.049151,14.18086,0.268247
6.051503,14.18086,0.264939
6.053714,14.18086,0.263056
6.05587,14.18086,0.260373
6.058052,14.18086,0.257852
6.060163,14.18086,0.255167
6.062683,14.18086,0.250584
6.065035,14.18086,0.248044
6.06721,14.18086,0.244721
6.069605,14.18086,0.238077
6.071754,14.18086,0.235516
6.073914,14.18086,0.230793
6.07603,14.18086,0.227581
6.078088,14.18086,0.22371
6.080741,14.18086,0.218523
6.083273,14.18086,0.213886
6.085732,14.18086,0.208003
6.087875,14.18086,0.204061
6.089945,14.18086,0.200104
6.092102,14.18086,0.195437
6.094254,14.18086,0.191459
6.096773,14.18086,0.184797
6.09924,14.18086,0.180112
6.10165,14.18086,0.174063
6.103989,14.18086,0.170014
6.106129,14.18086,0.165917
6.108258,14.18086,0.161154
6.110785,14.18086,0.154323
6.11319,14.18086,0.150211
6.115698,14.18086,0.143933
6.117768,14.18086,0.139684
6.119855,14.18086,0.135518
6.121992,14.18086,0.130646
6.124765,14.18086,0.124926
6.126873,14.18086,0.120721
6.12907,14.18086,0.117757
6.131669,14.18086,0.111413
6.133921,14.18086,0.108409
6.135977,14.18086,0.104677
6.138106,14.18086,0.101122
6.140484,14.18086,0.096641
6.142767,14.18086,0.093068
6.144804,14.18086,0.089491
6.147072,14.18086,0.086395
6.149252,14.18086,0.082804
6.151425,14.18086,0.079928
6.153765,14.18086,0.076075
6.15596,14.18086,0.073189
6.157985,14.18086,0.070301
6.16,14.18086,0.066688
6.162193,14.18086,0.064237
6.164879,14.18086,0.059887
6.167023,14.18086,0.056984
6.16917,14.18086,0.054807
6.171386,14.18086,0.052628
6.173535,14.18086,0.049409
6.17567,14.18086,0.046496
6.177777,14.18086,0.04431
6.184162,14.18086,0.038478
6.188162,14.18086,0.034102
6.190639,14.18086,0.031183
6.192807,14.18086,0.029723
6.194954,14.18086,0.027159
6.197711,14.18086,0.024973
6.200051,14.18086,0.022786
6.202694,14.18086,0.020236
6.204872,14.18086,0.018781
6.206955,14.18086,0.016967
6.209112,14.18086,0.014433
6.211197,14.18086,0.012982
6.213564,14.18086,0.010806
6.215828,14.18086,0.009355
6.218039,14.18086,0.007904
6.220129,14.18086,0.006838
6.222692,14.18086,0.00505
6.224879,14.18086,0.003604
6.227037,14.18086,0.002159
6.229292,14.18086,0.000713
6.231497,14.18086,0
6.233707,14.18086,0
6.235823,14.18086,0
6.238254,14.18086,0
6.240476,14.18086,0
6.243169,14.18086,0
6.245107,14.18086,0
6.247317,14.18086,0
6.249756,14.18086,0
6.252067,14.18086,0
6.254396,14.18086,0
6.256355,14.18086,0
6.258434,14.18086,0
6.260479,14.18086,0
6.262728,14.18086,0
6.265215,14.18086,0
6.267473,14.18086,0
6.269907,14.18086,0
6.272093,14.18086,0
6.274225,14.18086,0
6.276168,14.18086,0
6.2784,14.18086,0
6.28195,14.18086,0
6.286185,14.18086,0
6.288766,14.18086,0
6.290606,14.18086,0
6.292372,14.18086,0
6.29436,14.18086,0
6.296426,14.18086,0
6.29851,14.18086,0
6.300405,14.18086,0
6.302761,14.18086,0
6.304572,14.18086,0
6.306221,14.18086,0
6.307838,14.18086,0
6.30943,14.18086,0
6.310988,14.18086,0
6.312734,14.18086,0
6.314982,14.18086,0
6.316744,14.18086,0
6.318382,14.18086,0
6.319962,14.18086,0
6.321592,14.18086,0
6.323584,14.18086,0
6.325247,14.18086,0
6.326962,14.18086,0
6.328733,14.18086,0
6.330676,14.18086,0
6.332631,14.18086,0
6.33472,14.18086,0
6.336619,14.18086,0
6.338265,14.18086,0
6.339975,14.18086,0
6.342038,14.18086,0
6.344411,14.18086,0
6.346797,14.18086,0
6.349065,14.18086,0
6.350907,14.18086,0
6.352906,14.18086,0
6.354838,14.18086,0
6.356864,14.18086,0
6.359013,14.18086,0
6.36129,14.18086,0
6.363873,14.18086,0
6.366097,14.18086,0
6.368028,14.18086,0
6.370291,14.18086,0
6.372553,14.18086,0
6.374797,14.18086,0
6.377266,14.18086,0
6.379858,14.18086,0
6.382286,14.18086,0
6.384736,14.18086,0
6.386906,14.18086,0
6.389063,14.18086,0
6.391106,14.18086,0
6.393251,14.18086,0
6.395572,14.18086,0
6.398044,14.18086,0
6.400291,14.18086,0
6.40273,14.18086,0
6.404849,14.18086,0
6.407106,14.18086,0
6.409263,14.18086,0
6.411683,14.18086,0
6.413996,14.18086,0
6.416395,14.18086,0
6.418621,14.18086,0
6.420796,14.18086,0
6.423193,14.18086,0
6.42586,14.18086,0
6.42797,14.18086,0
6.430259,14.18086,0
6.432644,14.18086,0
6.434837,14.18086,0
6.437079,14.18086,0
6.439363,14.18086,0
6.441718,14.18086,0
6.444121,14.18086,0
6.446481,14.18086,0
6.448783,14.18086,0
6.45088,14.18086,0
6.45292,14.18086,0
6.454956,14.18086,0
6.457056,14.18086,0
6.459118,14.18086,0
6.461252,14.18086,0
6.463726,14.18086,0
6.465894,14.18086,0
6.468131,14.18086,0
6.470384,14.18086,0
6.472625,14.18086,0
6.474704,14.18086,0
6.476874,14.18086,0
6.479029,14.18086,0
6.481677,14.18086,0
6.484002,14.18086,0
6.486062,14.18086,0
6.488796,14.18086,0
6.491364,14.18086,0
6.493669,14.18086,0
6.495932,14.18086,0
6.498269,14.18086,0
6.50084,14.18086,0
6.503443,14.18086,0
6.505864,14.18086,0
6.508011,14.18086,0
6.510018,14.18086,0
6.51222,14.18086,0
6.516527,14.18086,0
6.519962,14.18086,0
6.522084,14.18086,0
6.524726,14.18086,0
6.52684,14.18086,0
6.529044,14.18086,0
6.531556,14.18086,0
6.533723,14.18086,0
6.535831,14.18086,0
6.537899,14.18086,0
6.540007,14.18086,0
6.542592,14.18086,0
6.544718,14.18086,0
6.547036,14.18086,0
6.550637,14.18086,0
6.552885,14.18086,0
6.55497,14.18086,0
6.557047,14.18086,0
6.559067,14.18086,0
6.561083,14.18086,0
6.563663,14.18086,0
6.565868,14.18086,0
6.567996,14.18086,0
6.57009,14.18086,0
6.572136,14.18086,0
6.574058,14.18086,0
6.576548,14.18086,0
6.578732,14.18086,0
6.580975,14.18086,0
6.583491,14.18086,0
6.585664,14.18086,0
6.587876,14.18086,0
6.589994,14.18086,0
6.59199,14.18086,0
6.593883,14.18086,0
6.596156,14.18086,0
6.598662,14.18086,0
6.600595,14.18086,0
6.602678,14.18086,0
6.604846,14.18086,0
6.607071,14.18086,0
6.609076,14.18086,0
6.611094,14.18086,0
6.613355,14.18086,0
6.615501,14.18086,0
6.617774,14.18086,0
6.619999,14.18086,0
6.62206,14.18086,0
6.624573,14.18086,0
6.626696,14.18086,0
6.62863,14.18086,0
6.631114,14.18086,0
6.633268,14.18086,0
6.635618,14.18086,0
6.637827,14.18086,0
6.639916,14.18086,0
6.641971,14.18086,0
6.644211,14.18086,0
6.646691,14.18086,0
6.648939,14.18086,0
6.651087,14.18086,0
6.653129,14.18086,0
6.655113,14.18086,0
6.657267,14.18086,0
6.659716,14.18086,0
6.661823,14.18086,0
6.66471,14.18086,0
6.666892,14.18086,0
6.669137,14.18086,0
6.671242,14.18086,0
6.673481,14.18086,0
6.675693,14.18086,0
6.677835,14.18086,0
6.680643,14.18086,0
6.683136,14.18086,0
6.685534,14.18086,0
6.687796,14.18086,0
6.691461,14.18086,0
6.69359,14.18086,0
6.695886,14.18086,0
6.69837,14.18086,0
6.700492,14.18086,0
6.702836,14.18086,0
6.704824,14.18086,0
6.706954,14.18086,0
6.709039,14.18086,0
6.711914,14.18086,0
6.714465,14.18086,0
6.71633,14.18086,0
6.718325,14.18086,0
6.720425,14.18086,0
6.722481,14.18086,0
6.724645,14.18086,0
6.726505,14.18086,0
6.728524,14.18086,0
6.730574,14.18086,0
6.732487,14.18086,0
6.734173,14.18086,0
6.736219,14.18086,0
6.737979,14.18086,0
6.739975,14.18086,0
6.741758,14.18086,0
6.744064,14.18086,0
6.745919,14.18086,0
6.747922,14.18086,0
6.749659,14.18086,0
6.751767,14.18086,0
6.753636,14.18086,0
6.755555,14.18086,0
6.757258,14.18086,0
6.75885,14.18086,0
6.760784,14.18086,0
6.763311,14.18086,0
6.765209,14.18086,0
6.767365,14.18086,0
6.769394,14.18086,0
6.771706,14.18086,0
6.773924,14.18086,0
6.776003,14.18086,0
6.77776,14.18086,0
6.779726,14.18086,0
6.782088,14.18086,0
6.784579,14.18086,0
6.786499,14.18086,0
6.788714,14.18086,0
6.790871,14.18086,0
6.79292,14.18086,0
6.794702,14.18086,0
6.796616,14.18086,0
6.798543,14.18086,0
6.800196,14.18086,0
6.802516,14.18086,0
6.804278,14.18086,0
6.806368,14.18086,0
6.808163,14.18086,0
6.810273,14.18086,0
6.812484,14.18086,0
6.814466,14.18086,0
6.816148,14.18086,0
6.817943,14.18086,0
6.81956,14.18086,0
6.821172,14.18086,0
6.823455,14.18086,0
6.825172,14.18086,0
6.826786,14.18086,0
6.828732,14.18086,0
6.830725,14.18086,0
6.832839,14.18086,0
6.834806,14.18086,0
6.836623,14.18086,0
6.83839,14.18086,0
6.840214,14.18086,0
6.842083,14.18086,0
6.844117,14.18086,0
6.845896,14.18086,0
6.847755,14.18086,0
6.849478,14.18086,0
6.851257,14.18086,0
6.852819,14.18086,0
6.854348,14.18086,0
6.855905,14.18086,0
6.857495,14.18086,0
6.859142,14.18086,0
6.860795,14.18086,0
6.862689,14.18086,0
6.864592,14.18086,0
6.866333,14.18086,0
6.868034,14.18086,0
6.869782,14.18086,0
6.87138,14.18086,0
6.872961,14.18086,0
6.874691,14.18086,0
6.876384,14.18086,0
6.87813,14.18086,0
6.879955,14.18086,0
6.882052,14.18086,0
6.884601,14.18086,0
6.886554,14.18086,0
6.888203,14.18086,0
6.889859,14.18086,0
6.891416,14.18086,0
6.893052,14.18086,0
6.894601,14.18086,0
6.896758,14.18086,0
6.899368,14.18086,0
6.90142,14.18086,0
6.903378,14.18086,0
6.905064,14.18086,0
6.906796,14.18086,0
6.912764,14.18086,0
6.916348,14.18086,0
6.918233,14.18086,0
6.920153,14.18086,0
6.922099,14.18086,0
6.923712,14.18086,0
6.9253,14.18086,0
6.926929,14.18086,0
6.928712,14.18086,0
6.930619,14.18086,0
6.932362,14.18086,0
6.934006,14.18086,0
6.935602,14.18086,0
6.937168,14.18086,0
6.938753,14.18086,0
6.94044,14.18086,0
6.942325,14.18086,0
6.943927,14.18086,0
6.94571,14.18086,0
6.947577,14.18086,0
6.949207,14.18086,0
6.950853,14.18086,0
6.952495,14.18086,0
6.954166,14.18086,0
6.95577,14.18086,0
6.957435,14.18086,0
6.959197,14.18086,0
6.960916,14.18086,0
6.962876,14.18086,0
6.964623,14.18086,0
6.966223,14.18086,0
6.967913,14.18086,0
6.969507,14.18086,0
6.971133,14.18086,0
6.972692,14.18086,0
6.974323,14.18086,0
6.976015,14.18086,0
6.977826,14.18086,0
6.979517,14.18086,0
6.981316,14.18086,0
6.983098,14.18086,0
6.988309,14.18086,0
